{
    "keep": {
        "days": false,
        "amount": 365
    },
    "auditLog": "logs\\errorLogs\\.412503ae023d725eed31c142d072fc572564fb14-audit.json",
    "files": [
        {
            "date": 1685421146959,
            "name": "logs\\errorLogs\\MM_ERROR_LOG_2023-05-30-00-02.log",
            "hash": "ce7bc835d06275a8fc7cd7325cf0da8b803abf18eceecb6149e02065d43f461d"
        },
        {
            "date": 1685421609542,
            "name": "logs\\errorLogs\\MM_ERROR_LOG_2023-05-30-00-10.log",
            "hash": "6670cd96a28ae53452fd54b072670afc317d75cbb2c1a3babdfe1b5f91b4fc81"
        },
        {
            "date": 1685421691059,
            "name": "logs\\errorLogs\\MM_ERROR_LOG_2023-05-30-00-11.log",
            "hash": "db377efa6c4a17b8078566b0574648aed776f684eddf4038c34b9e0315fad472"
        },
        {
            "date": 1685421761698,
            "name": "logs\\errorLogs\\MM_ERROR_LOG_2023-05-30-00-12.log",
            "hash": "baeaf308d332ce8581ae1e01300dc8f9fd619bbdf9086a64e2dcb7f76b028d3a"
        },
        {
            "date": 1685421812045,
            "name": "logs\\errorLogs\\MM_ERROR_LOG_2023-05-30-00-13.log",
            "hash": "84f56afda50f7c7e22fa54265ae11b0893beac56b59b8998ccdb4fa79030894a"
        },
        {
            "date": 1685421963729,
            "name": "logs\\errorLogs\\MM_ERROR_LOG_2023-05-30-00-16.log",
            "hash": "5e4a6f55f4a09e545abd01aefc7b5ea8b5365d0fbcbc558d8c49fb1db6bd7e08"
        },
        {
            "date": 1685422038081,
            "name": "logs\\errorLogs\\MM_ERROR_LOG_2023-05-30-00-17.log",
            "hash": "5a5e15d4a6ca49480be5e996c1175606bae90faaf3ba1892fc1a004fb7d6a987"
        },
        {
            "date": 1685422511051,
            "name": "logs\\errorLogs\\MM_ERROR_LOG_2023-05-30-00-25.log",
            "hash": "092b8be7e21cd9af4169bfcc9bd90e1164d66ebea384b408868912ca67e42ab1"
        },
        {
            "date": 1685422578535,
            "name": "logs\\errorLogs\\MM_ERROR_LOG_2023-05-30-00-26.log",
            "hash": "11fb537a1145d90d981a8ec6a2fb2d2737f2b119632ff3786c8b6eb7bc6212a1"
        },
        {
            "date": 1685423010818,
            "name": "logs\\errorLogs\\MM_ERROR_LOG_2023-05-30-00-33.log",
            "hash": "1b98b9d97807879b1975e331082de96890ac142b4a06483a85051acd6d012f2e"
        },
        {
            "date": 1685424106743,
            "name": "logs\\errorLogs\\MM_ERROR_LOG_2023-05-30-00-51.log",
            "hash": "513d230b9d64d840673cba4a46743ddd6f8a0864a7f731bf3c30bb8b2c472460"
        },
        {
            "date": 1685429923729,
            "name": "logs\\errorLogs\\MM_ERROR_LOG_2023-05-30-00-28.log",
            "hash": "b74c2d2a67be5de2770feb046cbb80be4854cc4ca3941397bab35228fe918edc"
        },
        {
            "date": 1685430026817,
            "name": "logs\\errorLogs\\MM_ERROR_LOG_2023-05-30-00-30.log",
            "hash": "81d36cfcb4cab1eccec276cc88cf5de50916f75d96b898b9ca9d60d2b55d42e0"
        },
        {
            "date": 1685430130351,
            "name": "logs\\errorLogs\\MM_ERROR_LOG_2023-05-30-00-32.log",
            "hash": "264c0ce918115e963246fd24e7aa105437fde3031cd5c0b06b98bafd9c817764"
        },
        {
            "date": 1685430257887,
            "name": "logs\\errorLogs\\MM_ERROR_LOG_2023-05-30-00-34.log",
            "hash": "33897470f7ba1be75138b5db23b9bb36405839ea172fe7c49878299b6704a256"
        },
        {
            "date": 1685430339115,
            "name": "logs\\errorLogs\\MM_ERROR_LOG_2023-05-30-00-35.log",
            "hash": "76112b6196e7d95fd3b884e6756797ef50293f703f5fd254fc6617d3a537eb41"
        },
        {
            "date": 1685430453628,
            "name": "logs\\errorLogs\\MM_ERROR_LOG_2023-05-30-00-37.log",
            "hash": "5edb56f6b4055a12019b6abcf3a4192ad4a03c8185d7594cf191ae49bf00f448"
        },
        {
            "date": 1685430512778,
            "name": "logs\\errorLogs\\MM_ERROR_LOG_2023-05-30-00-38.log",
            "hash": "72c38bba8de6f0014a2181ff004cf37f6aabe3457727394ea7eb5c6e443466f2"
        },
        {
            "date": 1685432032064,
            "name": "logs\\errorLogs\\MM_ERROR_LOG_2023-05-30-00-03.log",
            "hash": "e75fefea54db0bc39215a8567ba655da43522d98e3ab04ea54b541dff74a73e6"
        },
        {
            "date": 1685432052487,
            "name": "logs\\errorLogs\\MM_ERROR_LOG_2023-05-30-00-04.log",
            "hash": "7d86269ee7c5489234b7984276037da1aed043f50d9b9128cddd98982737d32c"
        },
        {
            "date": 1685434788524,
            "name": "logs\\errorLogs\\MM_ERROR_LOG_2023-05-30-00-49.log",
            "hash": "88b796f36ac958f2095d293df7d7f28173b2ab7b4b6e3f654f06441043b2a52d"
        },
        {
            "date": 1685434804808,
            "name": "logs\\errorLogs\\MM_ERROR_LOG_2023-05-30-00-50.log",
            "hash": "f2e76e19a37f7d031c21d553ea860dca7e0859c307f348c0769b92b11cef829c"
        },
        {
            "date": 1686032512023,
            "name": "logs\\errorLogs\\MM_ERROR_LOG_2023-06-06-00-51.log",
            "hash": "ebbf225761ef07363a0533a6927eab22775e253866404b10bb8e2c0beeb3874b"
        },
        {
            "date": 1686122889059,
            "name": "logs\\errorLogs\\MM_ERROR_LOG_2023-06-07-00-58.log",
            "hash": "0a924967c3fb640c9bb2211d8b09aa534fc9af1b79a73dc0e91dc19e43c59997"
        },
        {
            "date": 1686122998211,
            "name": "logs\\errorLogs\\MM_ERROR_LOG_2023-06-07-00-59.log",
            "hash": "1bf045e2847dc37997d7ad1e54dff529289dedf7ce68bf1525ba22dfd85d61eb"
        },
        {
            "date": 1686129046603,
            "name": "logs\\errorLogs\\MM_ERROR_LOG_2023-06-07-00-40.log",
            "hash": "d75528e4a9dd0e07bc85dd7f22ca522cacc576fe6c4ee28294282f68069d901f"
        },
        {
            "date": 1686129229469,
            "name": "logs\\errorLogs\\MM_ERROR_LOG_2023-06-07-00-43.log",
            "hash": "48129ba0384118f49be8d9087b76d95a616304b349745b611ad76b865bd46028"
        },
        {
            "date": 1686129901657,
            "name": "logs\\errorLogs\\MM_ERROR_LOG_2023-06-07-00-55.log",
            "hash": "8a10549804417951f260cbb3f4b9a1376c0dccac011ec9d10458248e99eda144"
        },
        {
            "date": 1686131873043,
            "name": "logs\\errorLogs\\MM_ERROR_LOG_2023-06-07-00-27.log",
            "hash": "346d59e50510ff51a0dbe5f883b763ba81cee94912e36ef34c02c66e5059a625"
        },
        {
            "date": 1686132452976,
            "name": "logs\\errorLogs\\MM_ERROR_LOG_2023-06-07-00-37.log",
            "hash": "4644f6383a5ddc9a01cb6a60562e9690a2d2af193d7b26379ddce77554445b92"
        },
        {
            "date": 1686132527537,
            "name": "logs\\errorLogs\\MM_ERROR_LOG_2023-06-07-00-38.log",
            "hash": "10d3808e4bdb82d02fdd393cfa3b525351324ba5e9f45546bee8930e969613fe"
        },
        {
            "date": 1686133069659,
            "name": "logs\\errorLogs\\MM_ERROR_LOG_2023-06-07-00-47.log",
            "hash": "dd81a1c71a8927001b99484d03031d30eef0adde79622b57c233d245859aa320"
        },
        {
            "date": 1686133150871,
            "name": "logs\\errorLogs\\MM_ERROR_LOG_2023-06-07-00-49.log",
            "hash": "81ed00adfcbb05af6f59fe3e800cb2df5d35562a27ffb2f32bba733ad38e7ac6"
        },
        {
            "date": 1686133457437,
            "name": "logs\\errorLogs\\MM_ERROR_LOG_2023-06-07-00-54.log",
            "hash": "70a763c47544fd98df52ecbafdd4661fa60edebc0d62f0f6c605a581a32ea8b9"
        },
        {
            "date": 1686133636578,
            "name": "logs\\errorLogs\\MM_ERROR_LOG_2023-06-07-00-57.log",
            "hash": "cc4030ceac1264f4e67623152335f2f0626a3fe8f0685617ff18daa3f6ff8722"
        },
        {
            "date": 1686133877219,
            "name": "logs\\errorLogs\\MM_ERROR_LOG_2023-06-07-00-01.log",
            "hash": "3101d8a9390e8138da975486a930f0a6499acfcc5022a11884afeab4541146c8"
        },
        {
            "date": 1686134575337,
            "name": "logs\\errorLogs\\MM_ERROR_LOG_2023-06-07-00-12.log",
            "hash": "4ffd4dd8db08e98d46cefb391e1102d47a2c35c7efdaa7a101618442ea645fc8"
        },
        {
            "date": 1686134599306,
            "name": "logs\\errorLogs\\MM_ERROR_LOG_2023-06-07-00-13.log",
            "hash": "fbb970a9c655da1fc00f82cfff49c9aa0a3045f6471c7a608b639fc2b4ac2d7d"
        },
        {
            "date": 1686134757013,
            "name": "logs\\errorLogs\\MM_ERROR_LOG_2023-06-07-00-15.log",
            "hash": "faa170a6df406f3ca72949fbe4e83ba3b9286f3ab1581bcceab17c20823841f6"
        },
        {
            "date": 1686134775798,
            "name": "logs\\errorLogs\\MM_ERROR_LOG_2023-06-07-00-16.log",
            "hash": "e5ebc0c8ac4478155da6f68261650896d710f667b487caf331ec503f578053eb"
        },
        {
            "date": 1686199160052,
            "name": "logs\\errorLogs\\MM_ERROR_LOG_2023-06-08-00-09.log",
            "hash": "3faa69301485b599cba1b860e146808235ceab79e05b7e819ee096b2ef6e0d70"
        },
        {
            "date": 1686200287283,
            "name": "logs\\errorLogs\\MM_ERROR_LOG_2023-06-08-00-28.log",
            "hash": "0576e74e99d701ebe1a208ebe5233ba0d4a40fb9cbc3d16a2f3398c9aa9b5364"
        },
        {
            "date": 1686200493304,
            "name": "logs\\errorLogs\\MM_ERROR_LOG_2023-06-08-00-31.log",
            "hash": "e10ca77fcf8ba2b2a21ab156ded5479b7e304053a3671bf1e8941b4503dde3ec"
        }
    ],
    "hashType": "sha256"
}